{
  "id": "4288472",
  "name": "no name",
  "font_family": "iconfont",
  "css_prefix_text": "icon-",
  "description": "",
  "glyphs": [
    {
      "icon_id": "629357",
      "name": "搜索",
      "font_class": "sousuo",
      "unicode": "e651",
      "unicode_decimal": 58961
    },
    {
      "icon_id": "1120834",
      "name": "音乐",
      "font_class": "yinle",
      "unicode": "e602",
      "unicode_decimal": 58882
    },
    {
      "icon_id": "1727421",
      "name": "205设置-线性",
      "font_class": "shezhi-xianxing",
      "unicode": "e8b7",
      "unicode_decimal": 59575
    },
    {
      "icon_id": "2674483",
      "name": "暂停",
      "font_class": "zanting",
      "unicode": "e629",
      "unicode_decimal": 58921
    },
    {
      "icon_id": "2815733",
      "name": "文件夹",
      "font_class": "wenjianjia",
      "unicode": "e600",
      "unicode_decimal": 58880
    },
    {
      "icon_id": "3538385",
      "name": "更多",
      "font_class": "gengduo",
      "unicode": "e719",
      "unicode_decimal": 59161
    },
    {
      "icon_id": "4397928",
      "name": "退出",
      "font_class": "tuichu",
      "unicode": "e638",
      "unicode_decimal": 58936
    },
    {
      "icon_id": "4765962",
      "name": "app store",
      "font_class": "appstore",
      "unicode": "e792",
      "unicode_decimal": 59282
    },
    {
      "icon_id": "8288890",
      "name": "下载",
      "font_class": "xiazai",
      "unicode": "e856",
      "unicode_decimal": 59478
    },
    {
      "icon_id": "11372711",
      "name": "图片",
      "font_class": "tupian",
      "unicode": "e8ba",
      "unicode_decimal": 59578
    },
    {
      "icon_id": "11391556",
      "name": "视频",
      "font_class": "shipin",
      "unicode": "e63d",
      "unicode_decimal": 58941
    },
    {
      "icon_id": "12842753",
      "name": "w_文档",
      "font_class": "w_wendang",
      "unicode": "e676",
      "unicode_decimal": 58998
    },
    {
      "icon_id": "15644383",
      "name": "文档",
      "font_class": "wendang",
      "unicode": "e6cb",
      "unicode_decimal": 59083
    },
    {
      "icon_id": "37541276",
      "name": "磁盘-L",
      "font_class": "cipan-L",
      "unicode": "e633",
      "unicode_decimal": 58931
    }
  ]
}
